Savings_Per_Member,Attendance_Rate,Internal_Loan_Repayment,Credit_Score,Risk_Status
1935.2465823520763,59.25664644193098,26.170568373590598,44.78110676766951,0
4758.500101408589,77.0950473689179,24.697879907199983,64.61412511373634,1
3686.770314875885,93.64729179382041,90.62545805210367,89.72203562933213,1
3033.4265725654795,86.61124432047805,24.95461998495061,47.09519726003209,0
864.4913381679389,90.32805739307248,27.1949726128631,48.71668540327209,0
864.373149647393,82.93916833553587,75.93982624179637,61.24376926363467,1
384.6096996241774,84.61382822589263,44.973984245054,43.269864834604356,0
4344.263114297182,92.45978257826596,77.67105569551812,85.50858376164635,1
3045.4635575417233,62.483400442959294,6.536615756438524,30.51194062326786,0
3569.555631200623,74.47124818215703,48.75711936733843,65.12966359286719,1
200.86402204943198,61.06047209098011,3.3613600183282633,15.133362922589054,0
4852.558275593772,99.38340039983234,6.265320345535452,54.65509239380604,0
4178.968939922066,97.20296698433066,90.64374533444109,82.77987152199881,1
1140.4616423235532,51.9713405684253,13.924537111759516,33.094832210529304,0
990.942339314793,85.27875862578442,53.24206822752171,49.18888692649309,0
998.6820982818257,96.26241587078329,41.10956026007065,58.49332271044875,0
1590.7869905017349,59.02876725636668,34.73433262588427,38.05062320078836,0
2671.306514997965,78.39726152763147,89.98333456872724,66.71841544678274,1
2216.530591346367,95.77441487940209,2.18233967754895,36.98098869436038,0
1527.0227869704054,51.69729892928994,66.37896861755891,56.976709431786496,0
3098.0791841396594,84.871013362342,96.33944342135504,81.57317732923266,1
783.519917195005,64.86745036862754,56.016818346184195,43.31034178617019,0
1531.5087778225688,96.21980976882652,93.68224620330918,75.90327199729211,1
1895.1730321390894,98.55291225826838,5.225787928602377,45.15595782856993,0
2334.742922663476,97.2133244556717,41.87933190741614,65.18482370569134,1
3947.362210825767,73.71071083287319,26.015779096205115,63.31729987959904,1
1078.4015325759628,93.10213254946567,73.08209649807299,61.35484859987426,1
2619.748748226697,92.22746992675351,98.12970904972467,75.71691931991408,1
3002.831387424008,65.95502366216279,25.65300624442478,45.75282085666365,0
327.60702232798883,91.44577370753387,65.41746014740745,56.295631085737504,0
3076.969774317048,51.85038173577463,19.809763275974014,36.88657075711209,0
935.5682060677285,79.81349392410266,56.53302545716099,46.88722749623873,0
418.75280562786963,61.50044186438515,46.39324866883362,40.6779192241568,0
4749.539132541333,56.02834428886394,97.2005329631537,83.9120208316684,1
4831.59696206534,53.84766008146046,60.85272726964666,69.6283349015915,1
4061.1470057706597,84.81443879390699,34.950637208681876,59.88403029163834,0
1592.6074689495163,66.9937481884033,11.409578488793336,32.648365356210604,0
578.593358631281,86.23833857643808,15.124682873493455,30.230372421178803,0
3452.741829909569,53.26781703994712,22.53169299512351,49.971005161022184,0
2256.7472193240465,65.76451689153052,25.0966661340298,48.14884300687788,0
697.9873507394162,76.97456461876686,85.06160578411378,51.54721943342847,0
2526.366859545224,89.53615824194819,56.12227882825249,59.517512006261505,0
268.50375346457014,65.9376251466035,52.33909113743665,34.26593335696187,0
4555.6699701860325,81.29456882185045,11.476887186921747,53.008617911652806,0
1368.0219098400828,94.29888741180935,86.0139693349435,70.0414635565689,1
3346.3591933345115,80.79315940911523,72.28143032084837,65.77796238320072,1
1627.3842728381137,61.64797373768169,6.766836190000158,25.943159814360335,0
2648.3333037712728,51.220039077826904,70.78350972297687,54.26166938746565,0
2778.8803687820705,93.50494369504649,54.353821734264606,67.23065682951291,1
1005.7868320750825,51.063470542519354,8.172534574677826,24.480410343573997,0
4850.9646760463365,93.73508363420997,45.830064152865646,71.93140181765973,1
3898.150834469461,76.4468567013606,48.469628713004695,66.4599975571405,1
4703.544813664526,96.95338492564481,16.577454016327575,61.16856490821382,1
4484.6540170954795,89.93916178868326,94.56981470002823,90.29621937781546,1
3029.7098961743172,99.89670552666686,84.99753714806619,90.27228633305177,1
4617.183751613273,67.53559077258551,66.90223373291083,81.38010303458523,1
533.6132600544056,88.35941444655634,46.22955610006072,41.156515650910784,0
1060.3160258538114,70.0965456804621,41.17655415845085,47.527733329489195,0
321.61371566163655,73.99378101519544,65.09734671509541,53.65087443037089,0
1694.1186207399953,81.37527316091851,54.543186940690546,50.24845020368661,0
2004.518719478462,93.68385570931693,6.227310588188562,46.35028785752927,0
1429.61025569209,99.20417345996475,51.25026487703317,66.09148853408233,1
4160.813794844454,88.41367069322591,80.64036172328395,78.02964714061716,1
1848.0913007985876,70.8883391083667,45.923987759695805,45.75118253212469,0
1476.5790974681656,71.06785011385351,5.195657755426842,36.91496076116572,0
2759.2108074754174,86.87911507944457,78.6278199384033,75.15322154807039,1
790.5287023763369,61.938857288415115,20.13637821359744,33.621316597404004,0
4030.7652056947945,55.52370565656973,25.862083488803876,52.770800597116136,0
465.298154030877,67.73110788203883,16.47063534322959,31.097585416937328,0
4935.745989342535,64.36194958270409,33.02150648714976,55.491434926131234,0
3883.9993695536214,64.81540602279951,75.6751505688635,78.11861364639222,1
1073.7068395174447,61.680387552495496,51.93858595039374,51.088971054070186,0
127.05837390565176,52.104659481818096,20.488127415071254,22.845358603941865,0
4095.7609994286872,50.89369673667069,87.78300781520409,74.62777025165855,1
3563.600984853324,99.38611948680158,87.95818549515292,78.54929284675154,1
3672.135123400838,71.38865668679311,87.05784250460069,80.681222829197,1
3879.2246987611343,69.21633235798409,23.87962113815393,56.31514577180589,0
462.81879349704275,83.9823641346535,45.12393441809881,45.15466747466173,0
1856.4820698669357,60.912694393253204,98.49896561408751,74.04913321929166,1
667.7583916731356,97.49805919751127,77.20124763099903,61.93560244250718,1
4329.206786790408,89.3172507207776,2.716742122555982,56.598004470991484,0
3154.160821455034,54.47055011561297,6.5204591260492055,32.54997079646973,0
1721.400321777981,70.87903878924642,46.39313768123328,49.63014670047552,0
411.4359164015158,93.95591537810824,90.92202058615601,65.59056206696141,1
1623.8133764067447,97.2366011145705,53.870179795271426,61.1750615141543,1
1693.3982779310604,73.37007556249348,49.781250803429025,49.83138800675527,0
3675.0702738565137,80.67056946053539,10.547369995663058,49.650941208209424,0
3224.0316096405445,58.35169730460376,65.6780104724294,67.03367337821682,1
4447.342438624,99.55843130684883,82.21031606002255,87.1842169071624,1
2413.8531332935518,61.58358506917217,38.04200075075623,39.82543807221923,0
686.0118050976783,97.13658870675629,77.56118509253275,72.50119754821614,1
3594.8994573926757,82.48233244961843,96.44766539008116,91.62837990106028,1
3827.8467382227973,80.38683974394296,20.376645912768907,48.62894827126927,0
2850.2582680905316,75.63442555082543,52.33296311947413,63.91036786634814,1
3877.7391817773487,61.53349058588793,28.713795808457554,50.55970704502952,0
2519.5984221855147,58.82640160027542,79.28544190338394,65.49340120902323,1
2661.390863971771,61.02431045350877,57.75933658811575,58.56413329782621,0
2194.9509899568934,59.32191310721272,63.45824175503038,54.83406218335085,0
224.5537210460664,88.97922367833766,79.79141596158941,55.45407896252794,0
628.6679922671918,67.5062629583365,39.59704726624549,35.87473534221698,0
254.00300986499784,52.89213382816982,91.50900684070432,48.83315887792849,0
3218.411015192524,98.45513150704056,53.302886724614,65.79089543871895,1
1640.3443072740008,94.18929424817128,15.7954822835348,43.669769169908335,0
2591.9963867070437,96.38761415976064,69.58991181688025,68.43056976406761,1
4547.075722237856,99.74539113232177,79.32613504382545,92.2913259035726,1
1321.5319228294873,58.69476246097437,31.67616770675267,45.19389347213926,0
2110.8763228745856,69.81210094513294,85.7179256998753,64.64202204770866,1
3802.2005788609385,87.91192378520456,90.61432547657664,86.48286398516036,1
1221.11101090895,84.8010309026896,27.690448737780894,45.87885928218258,0
477.20155816108564,57.69479531699275,98.3521472715222,61.318706153166865,1
1519.7821192774634,90.79165624953089,14.071152804875842,41.93827792380308,0
889.9843075446216,61.22202859183304,20.201566840248997,34.997286023068256,0
4655.518496478608,61.19088074113115,18.422483923802613,56.02843212554087,0
4059.789859865643,76.84872114467068,89.39897100078704,76.86950401901204,1
3203.678406901075,79.64699674208515,65.42925523249619,73.41369413288308,1
4370.156891919817,79.00431039189056,15.210428322227287,60.365736338423325,1
4037.993176805661,54.574341869887746,44.032341836834895,54.27897108178081,0
1014.1932885415756,93.87304313151901,61.529802506980204,58.560624886066876,0
4473.539092600891,63.2800021294353,8.34640849893833,52.51597895716059,0
2742.7769853866885,56.47574606414021,88.24163684073388,67.37307671510833,1
4056.4567603039063,94.43740399344887,80.36035354415351,90.063457509448,1
4490.847369625117,97.78257491148767,50.52067735766382,88.24514488731343,1
1658.217027362133,93.10638086327253,96.71266152591704,72.22715295532957,1
639.2544301856161,90.4758037362439,41.77609792750997,40.24951501193859,0
1216.8822964555143,82.7620990319511,98.41103190364979,72.55019032532788,1
2192.828164268656,77.54286853045696,66.79199988036271,66.40070669570058,1
4108.2723530202165,54.34933799557051,63.467127325394145,65.07776343727977,1
4317.579857956083,70.42266065353493,16.5954895295785,60.853214822187354,1
134.06543960283443,68.6344258506157,88.1927758304644,49.38297300468995,0
2602.661782630072,62.98768918801631,42.74896879206152,54.78290646571453,0
2145.313915429017,86.17100568442925,16.223340578247935,41.833663927296854,0
1188.3282713065782,74.79378675393855,1.260751997575904,38.20256067037032,0
687.3402999350458,54.0523107953824,55.975568363838256,52.1644583700011,0
1754.314339877777,61.009160097490565,52.739962212267635,45.693905117346326,0
4720.257549171344,84.16293818297979,71.93536223691585,79.56253178749296,1
1683.6943669017007,53.80654297451501,89.02580530178021,65.74631240858825,1
2642.0740465424938,92.56034570243844,7.9406584643029525,44.57243249980612,0
3544.7928985863714,74.75732635069872,73.14964903403623,72.55057019601826,1
1881.7850516585404,74.0293288663324,18.741194409758222,40.741106597893875,0
4861.732205332707,79.62038923297588,85.8177053157164,77.76829559681988,1
4815.991745216345,91.23404829625746,81.90635138616561,88.93698516113564,1
1333.7332495442843,67.39046039510966,54.07937549855444,45.95371832239473,0
2536.5176788726885,83.90080762795318,71.02427986233116,66.03179529809113,1
1574.3037181021714,78.28659819978955,31.43501131837484,52.30449329913396,0
1495.7184224495913,63.35141350847107,47.116789893281464,40.11482036978165,0
280.7460420372107,93.9314993177579,82.16368977104716,66.2175600581221,1
3086.8652365014946,89.8713010803464,45.92651971732139,62.224113578770336,1
2563.1272138214213,82.92259173292128,35.77982653254418,52.87027798728073,0
352.2458811249478,92.52908645471209,49.421244725029986,53.02344584418386,0
1465.367674759396,93.36471004799012,82.82492524372184,71.19903351182857,1
4550.502841236603,85.41814883575174,33.520804737087275,69.13480811065769,1
1273.8532642681648,91.85066641818361,17.37615931357438,46.53344367355831,0
809.9848732469932,84.87357308346418,71.20140203307808,56.63293698509057,0
2498.3185253600586,84.00703858801502,82.59782127080818,69.86363922051592,1
4929.687225141944,80.93056891075922,10.063747852353334,52.44843080469813,0
1286.0708304063521,87.63583197788206,23.98741127559447,39.02031959905264,0
3393.4641822888047,57.93025526465368,14.19719897609939,57.96749471855584,0
3831.936115110716,94.04353795994642,34.79414115821666,71.20270421481605,1
1264.4239655627584,93.5921763872616,45.035097890541266,46.46544656112687,0
3668.260108198112,51.462364151727954,74.88263369633064,60.625963398688576,1
1902.1373503243408,91.29083752823814,65.11475848816741,66.87597894390846,1
3198.2985699085393,56.44349337367226,62.092856747843115,63.47568961593614,1
3204.295582728384,66.7559427129571,35.23749466096544,55.87209117768696,0
2725.2959519663164,87.1754128145804,84.144755308476,74.60898752223879,1
542.4198732666007,58.03799480241541,47.128716739816454,38.34430693826896,0
4192.982228387265,90.8983512059531,97.91049380151546,93.13217537086604,1
1671.8223183615055,91.6067088978871,63.41421382957368,62.900565181814336,1
1013.9407009592858,75.37338668804182,12.626474156450273,22.161659117250604,0
299.7981936183432,50.31929358584168,67.6177562075434,42.217146652536805,0
2995.3754216223847,64.35190665874563,32.5104015431699,45.77948873923733,0
3420.065373027184,80.84634591878711,68.63271966860974,72.90997959289106,1
181.28036174649515,99.05930890137117,6.964114816240574,47.92736847776031,0
2609.2559856664766,81.59067635083342,17.48814371759594,48.672660468638355,0
1209.829298469896,62.99017905320799,85.57372589057863,58.35376889727,0
3261.346673006304,81.70028515498056,22.71795570235149,57.561459049604515,0
954.3955021244581,76.99926898579278,83.704112524294,64.22585801165124,1
3485.594916702083,88.99226975755718,27.927608845441043,60.69732906077675,1
1995.0031968726332,55.34903194134792,64.28819100587077,56.95629933984716,0
4689.976944809999,88.05139512510141,69.4150573509831,92.56605896417341,1
773.8526263153669,77.06332893380551,51.265475314505295,42.09637495369399,0
1771.2251201462666,98.14960019294973,30.531067669673128,54.2574580413192,0
656.0202540788864,67.0936083019343,21.264437637109612,27.406157532734113,0
4630.998729564958,81.6310946566974,3.318935456242622,56.3352743595744,0
4398.962831566807,96.60140527550087,30.39464012407238,62.86502567627818,1
1363.9139758042625,55.12548639953396,65.3162790531283,48.31557230454075,0
3333.9218255674773,96.86142436182256,93.83048184484826,84.91469185632192,1
4104.388780985957,84.39428611504067,87.1204482263052,89.5622147277943,1
2820.4839768373654,53.39185295525859,76.60647765353026,67.90844351568562,1
2695.287833944432,65.04817834734081,78.84473432532987,60.71327770278245,1
1285.0762254122133,85.40860443226407,66.49849034759953,59.75221675073183,0
556.2035622489061,53.36753007343859,26.0286857566003,25.66691708510281,0
4496.3572139713015,79.10852300881366,90.71950307058299,80.64430631610043,1
4512.0484801003195,67.29415284764784,67.0732311905834,72.94499479330577,1
3202.197140639013,81.04577588837385,56.04406309804399,64.1819877816487,1
1761.2459761386333,52.28710169062564,11.098946921348107,42.430185438915565,0
1811.1269156020383,93.57684030761882,44.70555438064254,58.59636020972597,0
3657.182826464173,98.67444845886985,46.03582712019263,62.907248248074,1
4495.840273767628,98.44389276428458,86.45636095226699,88.20514998791478,1
4446.7234788990745,87.48259158714623,54.66482201877885,79.83021548875593,1
3921.390174702357,56.5043120065316,38.04005489704097,66.0057958008542,1
3245.95506615601,87.91315979645113,97.68003285106593,76.77699390280054,1
512.2858284757392,51.229345822940076,11.072059332631568,12.922204504090889,0
891.9806990636075,51.106177576449866,42.25484283119446,46.43747770511007,0
4502.915523782688,66.18051095747705,4.202467517140529,50.439836836766226,0
3071.5023923319904,74.43215952023328,73.99041207669303,65.77722081715307,1
145.06555292148528,88.52037089038966,91.80765521991506,66.228230334194,1
597.2105600435573,84.16476883032526,28.003732955048942,26.316331422013725,0
3351.1586686294736,72.29513531883742,85.83416767991208,75.94413827384354,1
124.80176084647157,63.68133331408329,29.221823046189776,32.584082592302885,0
887.9594519457434,99.85622500788556,91.07701616439152,75.83326620833638,1
2788.795567896272,71.30906511179865,75.3961903596784,62.94372959694586,1
3490.286468694197,72.56935121648377,80.49067768414386,75.15236817640027,1
3294.6101715627424,58.181191059583455,1.80065556004545,33.10633419667329,0
1198.9196163567428,89.74047743749647,96.2810357074026,73.43955557639835,1
3589.6781846029257,84.68411128907442,72.66709920703232,71.36071809814621,1
1262.5205287343204,61.03848063943802,30.47510953861333,35.578556436379635,0
1694.4585209804118,54.11905228079213,82.9394664858847,54.19441624941841,0
3757.807885078318,84.02496510373565,28.152119841492997,62.11876083037691,1
3283.201205331352,82.72556071405677,87.2753839566128,83.5090643515619,1
4261.194711421472,63.662976349910466,11.258039041193701,47.905707986488885,0
3322.3031722716823,97.54317811252051,70.36859774607957,77.32996927599842,1
2884.712156343811,57.55289458904501,54.069847664491036,48.70010846940634,0
559.0063623576532,71.6167400521301,9.653447019544082,26.6582606182655,0
1901.8074349912242,97.18079600837994,24.189382825883897,49.61044293944182,0
1399.4916016404547,70.98636584630611,1.240403627731479,42.85210769058607,0
1295.5492525575096,81.92629738320429,46.876796546450585,45.08846200604321,0
4867.751718286983,69.87971989813971,30.126526076000037,69.52572923617748,1
2026.178850867126,63.7107601174335,59.83574842977588,59.824753014472265,0
4471.028120367855,99.19888239799141,29.72378077086172,69.81375570550618,1
3192.579267386588,70.46670031575215,29.99191115069847,60.864035755898584,1
3994.575387354077,94.70496018395673,74.31931987316034,83.84408247373491,1
2562.9217562154413,61.49773029455431,4.814283597835345,37.399941298995834,0
2926.8290346691597,60.655235201254165,90.28949951919873,71.35388364175878,1
2513.336699712433,51.55670414422557,85.22638743911814,70.45094144557397,1
1056.690640210418,82.58334126879424,66.78046832264066,62.826825512690284,1
3640.015364781376,68.42631718618806,59.32215701073843,62.80193498051589,1
1475.7845759601935,93.21791249198185,89.23024981396523,65.48440857341248,1
219.14823551412383,73.66049533457786,18.533017952871443,29.225931587487267,0
3262.8142499451224,98.40967139573608,7.896916219082861,48.045643961580765,0
967.8423290945399,59.27627578515606,23.95101699095381,32.35898704106303,0
4708.24706332928,93.43115839778054,79.45782787001903,94.2134268713499,1
4774.250027312678,88.82984263958708,3.4670266726483323,54.367112495579114,0
4582.835512080198,88.5460922322026,58.280683508348964,77.10791587305594,1
1913.7776312516776,92.23916140584438,99.54375161913099,78.88412375111102,1
175.7374209914504,88.05119954714993,85.56960938375394,65.34905652453901,1
4648.760956679855,81.31101608157077,52.14456890435895,61.86624259392354,1
2198.1023267548403,56.56224388411938,6.364090928664234,29.32633251239445,0
4836.608613313981,51.6263089745626,83.13735143857099,78.79889630050462,1
4821.7378877373385,96.04239239078434,59.89785081772106,87.68085213913561,1
4279.746331790065,80.8325157260369,11.493299705956684,51.97784602668352,0
1542.7995711409699,89.82686454880881,9.38572848233562,30.153053989455092,0
1986.9788701494338,74.0761175756275,90.96268194365923,73.25939713804038,1
4270.569690432599,55.86540944811972,66.92002629380784,65.88492155333661,1
1652.9178252657605,56.259289610127524,82.92867993167555,53.608585714944994,0
930.5144587618532,84.27826436144858,87.89789002822673,62.40569077174192,1
2828.3261860459156,71.51529474497313,57.17723520483222,60.106893590896085,1
4687.158393387826,60.02623633501683,51.74463517550413,63.76664487283907,1
3510.5460037073676,74.57972733707184,43.042741032099016,49.44407822871499,0
2893.2997334378883,53.21044685375671,31.69465877911193,50.22816365488839,0
576.1648194767658,79.09857009571994,43.459596085871176,50.40307948258112,0
3113.5354108259316,63.449670221754886,77.38796557301563,71.69791405340536,1
4951.26386551089,89.87795503185941,60.19234310151316,75.05351090116692,1
786.4116746589677,65.51809794617868,89.2523289954846,58.551423769405574,0
2639.81529658231,72.76100745409006,44.33800143791877,55.08078580615934,0
4399.128052446981,50.58102699540503,60.7089578718754,68.77305535301987,1
3729.7662269956018,53.62234438972794,63.130755309198875,66.90376641681448,1
3515.377130876813,69.62467782033424,59.16971623063255,61.79489307431886,1
3542.1720115368353,73.99694173585618,70.26337730855164,71.78893374585859,1
1861.5066409768003,80.00102740596519,23.74334683748063,46.56878351645067,0
1538.6000368960174,64.58312893546517,51.23637775457907,55.95635672113981,0
4065.8696618447166,84.74909430632712,10.422480280834767,57.39708776771107,0
4069.5556339279856,93.00611985946023,38.45113276448126,71.53097434088357,1
4348.654361042508,88.99254944466749,48.76670686212644,72.63575027530074,1
4574.878707526709,51.980941267417855,65.22242595454725,76.13276506475592,1
2605.5777544185953,74.02534736289145,95.05310525862035,77.61793225794119,1
2557.429843967278,55.246508920908745,60.06510665483559,51.340044627954995,0
4011.646376937198,62.10225079312637,74.35939161765597,79.34013710462952,1
3284.8232608110493,99.33312966335733,50.626605949520275,73.03901556484341,1
3539.637698562746,57.12477714507566,63.41040313763313,61.34538061066465,1
3999.384080236895,74.9444076725678,7.093221613377343,46.796926193208094,0
4461.026174906075,80.90778671590596,25.439158084184697,62.63103722867646,1
1756.1762685725255,85.12324852720519,36.185309320513866,52.4668769682511,0
1940.3564679357257,77.98243417434571,47.249335500651355,54.5484143599186,0
560.5115052202581,50.48854237095918,4.564874550238374,21.348514093823596,0
2933.5726908812526,66.3230654121996,14.002409755331769,51.346074628559705,0
276.1171416040362,75.88558216923558,27.68143077913058,40.274230937499595,0
2381.4302888490547,54.39332495724167,97.15326909010507,70.10042362351345,1
2758.9587100671256,67.53134656045904,33.134700710305076,54.49917619732446,0
1504.0521354285936,51.66015543956833,48.20410581120825,38.21330700256463,0
2995.082976788153,53.928924857751035,19.609771273839293,43.73721903366539,0
249.4512247013422,69.8461638100798,61.07800710757682,55.346591232891704,0
283.00612487115063,56.63578770215302,28.068321551597432,28.248281116799436,0
4130.742747232325,78.3770424130779,20.699257843842677,52.23266303815476,0
1864.9341429151882,84.47324845686329,51.65726284459791,53.550154474270734,0
722.5965119942355,90.02933495545415,0.5505799160420821,25.592682645897675,0
2658.9919742685415,60.007512212240506,0.7664032649225327,30.05230323064678,0
3872.968410183193,58.37412911295349,21.906880910185777,47.522257197968536,0
1157.5230347345316,55.228392016720015,3.672136250082114,17.484167834060933,0
3152.163331513101,81.82151247718184,10.802575413069137,47.632289852700225,0
518.2025784694631,85.32378632434506,33.88606493387516,46.223371689599865,0
353.2404337261777,51.5793072412821,80.25856795798128,44.58889008990078,0
2703.637694683925,96.81061231218449,57.204864336930086,75.46218799368066,1
2749.112095889522,52.59856418257362,51.26677259564164,55.05929238396991,0
3223.4065173412123,77.06481676505352,29.348882320812166,59.1347979309074,0
3657.8475352410414,85.45302597254582,93.17537194328163,81.39962381149556,1
4881.6751893664195,93.54845618730428,39.70150412371917,77.49332702488807,1
2629.8717066758572,85.70434660662139,8.70927667957715,39.22435560087658,0
1682.4867174121052,90.08640415348958,61.70665161178013,65.84851358317886,1
3996.412354366648,66.97250962714031,11.38383934766014,49.36007116923492,0
1427.0780311841636,90.7412556873256,34.52231428016921,51.92252605605151,0
2250.959961457617,54.00574231923376,50.74119387178089,43.7893698375273,0
484.4362685771032,94.74083280302638,87.42225246851758,61.2694930571999,1
224.2186427357418,77.37961880768681,49.35465803401187,46.70241224964144,0
4816.977231921833,90.86488849812469,70.22587660316643,79.48752960992073,1
4196.302590509808,72.615914225915,99.28168389990704,88.8928829035991,1
3510.27360985912,82.17888475982625,13.148911989798162,43.95676737437685,0
2103.8694276299225,76.32013304680567,27.47315255195195,50.39476033058392,0
949.1421683471443,86.5794760877666,39.45760755976464,40.79309887851866,0
866.5415090883216,54.08149910152948,42.18281785388314,40.552187840542295,0
1326.190201006517,53.01760419952819,41.102107526554576,42.98156588364815,0
2791.2106570599904,62.355161700507324,90.76110025565549,68.00392946145013,1
3601.5200212303052,57.97723400565942,71.40326444668564,70.30248649679758,1
3334.967145916883,93.58917832961009,60.79052140907037,73.50109468071089,1
1471.67609503512,60.960699367902215,30.93727178627821,36.36692615229654,0
4778.839875249651,98.79326279095656,82.37903842212947,86.19277920565354,1
3715.6948918092658,66.84478958855534,95.5060511484989,70.57963637847632,1
2816.3348573058634,59.10589578443496,82.11982825502265,68.95857184918005,1
3097.431656548326,89.48492535712396,0.15651051914729042,37.4356903450164,0
2156.0403058961706,82.9353887750438,63.6401370183407,63.40139430988967,1
1313.8818485556715,74.90978582265694,5.1135381442100725,30.633039609104582,0
1844.2661253911817,77.76817754688156,25.760722033372186,47.709636314142166,0
3813.4459412754086,85.96008891361319,5.952470034777169,49.39417050447657,0
170.52809428580377,61.422737066564935,60.37954529493877,41.363204965102206,0
668.7559384838895,99.8166958028371,68.65899134926067,64.55013801720436,1
325.41294590658845,98.73965810733915,11.448763806590511,37.25677236091112,0
299.5711313629537,82.51628431734684,38.38388830449795,42.91108447248622,0
4291.756861653936,59.97712254645725,45.6236508955542,64.2527525915317,1
3547.923510962116,84.01141212156458,36.90530217609166,53.39741967227121,0
2423.4517625278936,53.60992044895879,12.102500048519305,38.93313442665003,0
579.3873871899073,51.532625110290304,41.89477901874754,38.21506793018417,0
2508.9177880724787,62.884144425560685,75.11780478084181,58.57742585062741,0
2420.0116768247717,73.13114783696582,7.100766453325546,37.76340168746593,0
948.6891625590744,93.41362527041903,8.018001408190345,36.23080780356415,0
2225.873081266068,86.3584534883154,35.47712918359842,52.44145327506451,0
2052.6731985471297,87.13532605999904,94.1725711618925,77.43406814752059,1
3117.6654804558607,71.27466672240377,66.85726467229141,73.75764273636011,1
3211.958889251455,67.29674962734815,67.86699566725648,71.7974663195005,1
321.98964788301816,68.55193814923014,36.1919990837865,29.84040540428795,0
1935.601811669709,99.3824781868029,59.36607912085384,67.90990349470678,1
3166.7135869997583,52.005459570624126,1.0131184027743378,41.42734930140111,0
2565.3676670424297,93.35157480612243,63.60960464095422,70.47744465906706,1
4296.800221822779,78.93377042861967,91.32869475762368,91.36120639321487,1
3327.5987949328305,71.93077095947953,61.25734683448192,75.9043311987088,1
898.3786926990055,86.26288302075682,87.3698593466345,70.83338918785864,1
445.78686226210624,74.33344707123514,72.39730554660937,54.62256174023583,0
3247.8544632109465,93.67116190408302,12.055841640369025,57.42170594398576,0
229.9054216539469,95.03509320056293,90.24533072858418,66.12843873333566,1
2970.30034823997,71.08604634367276,6.644384435577488,41.67635033196151,0
4707.128182982292,63.841389861752575,53.39674725477638,66.9609519246164,1
2919.823471591807,79.61751642966811,14.213712379345766,54.65203201107565,0
2002.0326384119574,95.61816728083454,1.1706610730904066,36.70666906997218,0
3252.1122703675305,60.53310945028333,42.2034260127639,62.00178841685174,1
2345.4391634084313,81.14832917817414,29.504070765415623,52.39303439306585,0
2773.522267648081,81.57801100462603,48.6000493797603,53.28539585876027,0
4713.177563004973,86.65565112076405,57.71998867345508,79.16688153386411,1
1991.9029252237938,56.57838425636299,4.373907230894735,19.806024765031893,0
4809.833762737179,85.79124823410443,12.300329512374564,62.62076327405375,1
4536.218145584712,95.45162603328205,55.86423964504254,82.56786034162849,1
1059.3765604675525,58.984155443512094,34.316735317265824,34.33389502537859,0
439.8703742883107,61.87716624619388,72.9173487549448,50.42866688186896,0
593.8122067493906,98.56975470208198,65.22916485919397,68.45671956437641,1
189.28694569259366,59.04884763547449,84.56043629899068,49.55675005847544,0
562.7705077040491,92.71925466847895,69.24928266692253,53.054240354707545,0
3446.7331897401486,74.61389282240174,42.99310773901481,67.47993115713014,1
448.82437745512203,62.36155372015885,67.29666223944324,57.5757264182858,0
1662.9805884394304,93.53749506362557,27.538117425541852,48.66424275735649,0
4239.889023750327,72.26526275013327,30.63134987782127,64.33569328229392,1
214.03248510554675,75.74086769648451,78.89851599207933,61.68720435550627,1
4090.8955646857853,67.96166846998828,44.64195164015822,58.966914512035935,0
1481.0883963896597,79.64754257174637,79.83803405183525,61.85859045862067,1
679.0076553461156,58.17619362925114,82.24223736682784,60.04907042992984,1
3514.012110284338,69.55407683258804,85.75623376612837,84.49590291069482,1
3181.8199492214317,98.47061611676438,91.66352358412072,87.8892839729459,1
4399.6128662825595,62.90667163505638,43.098522051329624,58.036498949350076,0
3701.8481146390404,82.8368332270646,31.886681832113883,69.59315957357872,1
4037.056558885758,66.25950321123474,58.21987465941139,64.6153742496206,1
1481.9694055994019,88.67365628433004,37.117242343762754,48.234342094086045,0
969.4537645206418,56.54368303591749,60.1074166800233,48.04094706862436,0
3778.012283040206,98.49105225392724,70.55858626438246,88.05999483473077,1
4053.4902224095936,72.68947706918196,68.84050184921368,77.8179659212191,1
4953.475195803299,61.8025231673232,37.45528870201213,65.31235419283156,1
2121.8266168659898,53.67483736650063,16.68602016987528,37.471832235833624,0
1922.8886203846375,58.48789525437704,43.05293384622075,46.145658031802235,0
3904.4235076357845,75.98869742780089,14.259414408190874,54.583461386469054,0
1769.9373472397874,66.85015882156432,89.00970351838083,53.235234872940644,0
4660.710895457467,91.44416829413046,34.58774607378574,67.7080313905114,1
4306.222484030758,71.5443761830903,15.445974722332378,54.60069497373429,0
2202.07073413759,62.435713629381496,2.5447759905750877,26.8633748881975,0
3779.2682321783373,80.8572493302015,64.58223862864843,74.54781887332254,1
3797.2600830149436,85.33886084427229,63.69023174547432,72.69168106908128,1
605.3069572960698,58.35209539504749,34.060416658129164,43.000889838421344,0
4522.509242729877,58.380960814415886,7.171188884765101,55.32444962469208,0
2575.7366249945,51.83357134667715,40.9628894895232,44.763770527657314,0
4149.641583927934,86.82010075328202,31.12174950633936,62.53426545391912,1
1668.2430450499976,83.19022638109026,67.71206397350093,61.27364370660384,1
4488.063819631382,73.7315437874907,60.57792494526903,70.95803258844272,1
2007.0882257973992,92.20852244845986,36.459372819754,54.89748114460509,0
153.10449225346196,90.28350764750266,21.78925542549901,32.3344736644214,0
4536.3716844543915,79.2677182198376,98.80359661555919,84.81013673006524,1
547.3047162520545,93.41356402566294,45.40016211961149,52.03629047862883,0
1664.636824193033,60.292060501838414,68.82742357802371,58.34564463058251,0
4755.303638548944,55.5959809698864,14.055296757836079,46.78119320732454,0
4757.9750199940245,63.48748057584948,48.55896996593978,71.46482372107045,1
2909.845651804102,52.854342804465745,2.7536719869465487,31.003019633990267,0
3196.0023396320166,76.5584764000516,50.545511791044994,63.40669019171737,1
2297.3830576937667,96.83028461474808,96.40174071177023,85.16486739154438,1
1536.732781320516,51.967177033425486,38.420671298580025,39.58668195688303,0
1710.4562723125882,56.105495700501336,3.8996012574911587,30.525130134950015,0
3395.340434777488,72.60995141417176,3.095579091934353,40.61462252389856,0
3786.635194244632,96.69375087639524,38.798675994686946,66.11649862678327,1
3978.737314256658,65.80780524883752,16.002493646319405,48.861413190552774,0
3969.128899693314,75.36174043441963,2.335209632818591,43.49825853458874,0
546.9099049385828,52.0786429525196,75.62136139501769,47.72444971964476,0
2522.659493042649,57.41716004810444,45.85230088818907,42.65558601646567,0
382.037924081557,99.33150614794235,28.924477197265453,40.640236788077694,0
2792.691523386304,98.25593482180227,90.00831830164807,80.54159677006362,1
2263.4994567295475,50.24699904672048,11.613896020052561,31.68467440076158,0
4449.750495515669,97.59058927116195,95.59188289553192,92.93756819295646,1
1819.4835615051857,81.95599689077503,31.396671737735282,47.36409713958834,0
673.6283804952687,93.39591472600111,88.84036723086813,69.46413939340607,1
800.6592420588956,72.73699278169295,60.294287647946156,54.60114872593404,0
3831.402095415614,75.77980142896251,82.67073597414874,75.39872763563108,1
3129.2685102496794,74.44232901284602,98.40131632104642,74.22376285481448,1
595.5011130016721,83.34321287730522,28.840543781874572,34.36263959840959,0
512.1233499634875,56.98256273781564,96.1135485407593,55.6273778151237,0
3534.748744149688,51.4986794936339,38.94818949024204,50.298346998878046,0
456.5387311845483,65.39649707955954,38.55119047369223,33.372335173283275,0
4127.114290522745,85.23403813683234,34.03871042545057,57.360914068691145,0
3560.5869130668316,60.09267260614742,54.14076073475852,58.59076875307158,0
498.60902514530886,83.67162166624587,15.41450431784871,34.6148847468401,0
515.7047990174403,98.49560230536352,55.37114853580112,57.217418857663084,0
4934.533934655759,54.69503578947092,54.1704812410004,64.8887753227351,1
1933.9268992049895,83.63010591125632,76.190181260487,64.72823903953814,1
1916.1465206277655,72.18751096522855,83.36499619375856,61.488024634842155,1
4082.7178795617624,93.40711271887527,44.044135031242405,69.86657899401074,1
4741.518029180907,58.857489472369295,30.233324935149376,53.92589096633222,0
4931.405212732067,84.63129761130823,25.933489731709447,68.20845615696837,1
3791.553107768814,91.90576448240552,19.462383670487192,49.028695911014225,0
1943.6719691014873,97.23071097370116,5.764758219902488,40.96475578373651,0
509.15351182347695,84.16240141448229,34.244797883471335,42.957197774651995,0
3908.0198880444404,74.85873820042136,27.024769213078326,57.501109204793366,0
2836.1808237054447,80.8923620100607,96.64173858664074,93.14169984965115,1
2178.687845310184,93.44524922393592,55.77088262500439,64.81758821743135,1
4541.136486964207,78.53048733194149,34.72770390305075,59.620586329434786,0
644.8676633001415,51.519352984841845,58.0467600993696,41.53311316893957,0
2513.8630110252097,96.54743477534889,13.91967013456955,40.429619947826005,0
155.63285936035345,84.47633755157806,44.40437492022029,43.0422618301003,0
2396.4371457712186,83.82566928886233,62.62343214210638,60.09161261832124,1
375.886050841003,60.78375761988586,48.889783179245136,44.05709020591974,0
682.2077897135524,82.94427351163286,40.177880065432426,41.771270194727315,0
675.878609207814,69.69322028270793,99.38483888996981,63.60385946513722,1
3281.1304803687117,82.5616488520746,88.0314762148927,76.27960499803936,1
3755.6199084005743,55.32965151539953,62.34059581594401,72.61073691822682,1
2958.506948976082,82.89226523015179,56.93773611822828,63.53762313866208,1
4814.645487525256,99.97068628853333,62.06604798245841,92.84558675117563,1
1936.86583966615,52.4106019430278,20.131210782243325,39.09254109210812,0
1499.9892227811176,98.85870921106587,39.51377432643186,56.44481871902526,0
4356.135728128355,70.34539803614354,3.945953289089932,50.58364030875044,0
1195.619608745318,93.53767251686295,47.554603748682666,55.76000490119679,0
4819.790443258996,89.11927420291367,54.302458395766315,67.71507890567092,1
159.55692598010006,78.3508130493334,22.77497361032096,31.58545062886911,0
4852.4062508674315,86.92246046256633,96.40288471655137,97.96004668254123,1
311.483568557823,93.92577806506739,90.9454610937242,65.60622929815666,1
4466.601257120548,70.20701608255165,72.21432354559059,69.656178419926,1
2685.735434522869,66.35165807816193,53.33866287653626,56.80997359376474,0
4965.527500984572,83.37966927817924,86.99691596476849,98.12213863421763,1
461.6031672034544,90.39229709706294,13.065234382346292,40.79213840179296,0
2813.885993566472,88.11425673883079,79.0509794274885,74.3602772778541,1
4849.582424533585,89.89068244293173,12.48208139668483,65.79635974541685,1
2663.1794364337293,71.77916574064665,79.42106625494054,67.16257644743442,1
3184.0533268627864,90.89171080875107,27.576756825135696,48.66081718260388,0
3509.168576024624,56.01045276853042,87.7090581018189,68.13688980017743,1
2327.251217362089,77.22445489804248,94.40420938253979,82.37969600800284,1
3175.034592411911,50.28793302490608,14.879596940511563,38.494995677051826,0
2963.140128423191,66.22929149501351,46.267560506539354,54.688321111937704,0
4515.674251405846,68.32307674356989,98.09873781626851,85.27196748293365,1
322.68726367314355,69.80863458046277,48.34074359731466,51.16296217117347,0
1476.7196290019285,84.7733603344931,86.35475225145451,76.53259926550696,1
4757.016271975138,69.42790506351729,58.87315221313199,83.98387809384542,1
4462.29254106549,72.43468113112652,37.53299079196019,62.65628812084926,1
2332.718088649993,61.87720654371637,28.57835555258702,45.142329211456584,0
3138.64972922753,68.662589581467,20.322309108608728,39.74846570482574,0
1459.1677966075501,61.363481363157575,76.17981913776973,64.5870796840805,1
1021.7936826464304,53.659796188422185,38.65405068230279,31.364296164820928,0
2372.1221842059126,80.17242966906889,51.12754622007512,59.49757735576332,0
1831.425917327659,83.41063992775082,49.23254800011819,49.83026538098989,0
2959.914948069273,80.97451730048073,57.727902923313124,61.94886558130215,1
480.8997211284257,73.17470219002863,86.55771456245522,54.721223435691726,0
4874.534557564216,68.98928900896149,98.07393435834294,86.11882837263154,1
4932.432647950054,93.16668247859127,40.758420857381694,71.14408190517325,1
3520.992398696751,75.9540892568109,82.7518922106303,74.09049110726237,1
2726.87219508619,73.95909388148655,76.45277946547176,73.01840049985981,1
1616.685319803006,51.282103290321785,57.352895145557326,42.087303568596695,0
4087.5955965640487,67.06239138130782,95.60471436119332,83.87716088514748,1
3455.1827455140083,69.00978093929285,20.04745155284028,55.35364584106814,0
896.8230027899674,69.94113904484502,10.92642103096214,27.66543648361812,0
4563.543204019828,79.00861846136661,85.39619669554222,81.59928529770414,1
4130.432490323528,76.68012733634393,43.91498166337483,64.09352502804693,1
4754.019575130428,80.39525463967223,84.69688542070605,92.38995400074536,1
3656.025591102964,88.2441630771064,89.30902051954149,84.9389805373661,1
3105.7344600853703,90.64928693580467,6.245759361907144,45.43947423053996,0
2149.3908778240325,85.90615381132471,88.34647629860606,76.07711100749862,1
4670.369568434665,97.77618479774674,44.831905536942216,69.73601140553919,1
4343.713058552001,50.91162913381808,51.04324890042322,65.0795025375417,1
321.5714835203281,59.788899284177305,62.659251109321026,46.39996687067612,0
229.19817503653482,50.37814374890711,92.63826067300867,51.42071427309874,0
1944.670497702443,82.37373570773015,1.911609442976403,32.57773650361494,0
4071.711320830981,94.90152744749935,47.68434683178171,67.42739227900019,1
4937.653033643228,62.174114828814965,68.77220424305607,78.4534867070448,1
837.0427664072881,96.35172723981533,72.27069576982285,68.4712057254249,1
3011.240505225462,53.01336951447804,69.2532431537108,58.24269084124781,0
1966.3651974920053,96.72180134027572,13.443512940812186,48.112604795095656,0
4852.580549291556,67.58113436198173,29.93955883716812,50.912460684889524,0
4226.382723364973,55.07104142246082,35.87155254170135,53.21041248420404,0
4207.810653084575,74.29358795931628,80.4437207679505,79.4601311719547,1
2396.5964829953546,62.8388283860254,27.875987241455302,39.514421121329676,0
2132.6155614545596,64.24364509809614,21.070496386720315,35.463345280298945,0
1439.6946524604605,65.36449824631433,95.74480190380962,62.7705846109949,1
376.2399335895429,90.15129489163317,0.88632851134689,30.552148413188387,0
4337.139643649761,76.95806383376272,99.78208556819781,88.00527957302766,1
4083.21494473738,65.56538495780018,67.68212988573956,59.93834154891334,0
4998.61659910204,80.51668916554593,82.84692994491171,76.68180816303705,1
4983.520501662137,85.80753371115968,29.461939634619316,64.3918151901269,1
2821.6153574528744,63.63120003667669,1.4315277667059978,38.61335521603199,0
3868.0383343845015,70.67745507626758,73.78695185615301,60.05011550713063,1
4729.352076423897,56.09430466684738,83.41445970006758,76.03839629579595,1
4263.272214319316,59.05746747673402,74.04761319535191,70.19446795889621,1
1312.0056985416686,84.05589269824914,14.285028730083859,45.29291124484645,0
2307.6662630194583,59.071917384781344,75.34279222569691,59.44990710645166,0
732.8811342423254,76.258169183353,76.8922782107641,59.42408941756104,0
4774.85003356774,85.45231308612163,65.85405156700548,81.30513107083769,1
3070.255708809312,55.34384615473719,76.61159327955862,54.78019779273501,0
1220.3497469669674,78.36561098144517,84.59214396777321,68.0468611298054,1
3391.333353588698,62.82813918506819,61.360411423745845,64.62060938447594,1
3128.8283782436897,98.146343761879,8.860471396967906,54.073282099460684,0
1854.9973183609184,74.17728233599624,48.76278096672109,72.13436716065416,1
656.4322017781822,90.2996274887579,7.764933467160507,23.1820247019875,0
3390.708658404718,77.51132710781309,40.75430310324308,68.32579849023068,1
2649.5077344285874,52.170626642740956,40.71064891256276,46.107440987959414,0
3884.3601195046326,81.65756877970111,6.600984414024158,51.743860673604225,0
2648.8011554487675,97.57016711033285,34.88205339694793,58.60121529873262,0
4275.689351560846,80.08059100731656,11.099809879131485,51.90836459641354,0
2804.3435099949793,90.95944297133951,80.82352100092221,73.3252818138115,1
2848.5960605233927,94.2103231674204,94.76880259644707,84.64630081273158,1
4395.6026530258905,61.40398859744663,7.231647525793861,40.02759518594349,0
2077.066044440746,60.60224199541133,95.51152072917014,72.2426627142722,1
756.6746194081396,80.54904944254959,52.25765993367452,47.00726363532763,0
241.03511393536095,70.55142349033524,29.95656779538739,28.361187759453905,0
3800.1725528007332,91.99306514333603,7.686207527616351,51.07645593427685,0
3139.5168016319767,95.00115616990055,50.06242680704178,73.42035019870369,1
3549.9908636861956,67.6710689651359,79.45155444907486,70.52766007706632,1
1143.5243913936627,61.8435279487241,70.70864772666981,55.017710411600575,0
768.2202303751718,89.0262757621931,5.022601146397376,29.1532860762426,0
171.26886177262145,63.740301777406806,7.290183536790352,26.26411316759274,0
1817.8790381523252,91.13071592568392,40.28732826326371,57.39931154115959,0
2990.5966655877023,71.18691268243813,29.52904940479433,60.10826833877022,1
2021.9958209886884,83.37749496457351,23.238432305604782,45.198123037109866,0
2243.6271179162723,54.77676569173341,28.10044989087136,44.14073134836997,0
4530.377603019368,81.19296623382866,80.34827432968846,84.11229813453117,1
1806.4517884141717,72.58838393686145,92.92280536318539,75.87266024634667,1
2618.548496883073,79.3304231587737,40.510269452756646,51.82875746548544,0
3939.899762431601,58.40071038724317,90.61110021324971,80.99927014809353,1
2043.0596333742237,86.8436872472091,32.1495701247882,49.8357312131327,0
3148.22483111658,93.13985387716143,47.64369863437916,65.34109573819381,1
4325.582172859052,60.836990004538784,22.602899781599973,53.62193059864585,0
4752.651055922446,54.78572777600809,64.0476042175844,71.80158071169883,1
820.6600565522859,51.18192930231682,97.89811151748088,58.34488260994875,0
4640.279363291323,82.0985750221633,60.34930960433786,77.6404910190816,1
2511.369836089737,80.35470180443903,35.78140841135489,61.073052986070735,1
1365.397502664896,77.33487063570351,64.78174459905284,61.78773910737703,1
2349.7652055674803,61.59735480579877,12.292067846538757,41.515879229987455,0
4902.159618898838,69.54529979527574,88.86590802653987,83.53323277764363,1
2513.828660565061,79.72381675930865,50.30839507798363,54.372841737630516,0
1710.8828904087902,74.83834294295846,44.93497420396421,55.064543664287235,0
3203.664186151956,99.38927601074437,58.58647884535192,76.63363393351482,1
1276.713532013146,56.821987627836656,62.47838627894025,56.6056727420278,0
471.7303077324532,84.75722770237968,7.177580622651303,27.554197273188194,0
731.5106373621812,70.21593840521462,68.26172212234025,51.08811875101823,0
727.424610893085,71.40998074628074,24.193168031552958,26.744215792611406,0
844.3231982102424,85.87988828290881,71.39526325065899,56.91679706020071,0
780.2531459821097,84.62180756621848,82.25347943841967,67.43560177761296,1
3240.2862495357517,99.56279968510941,80.39585075525203,78.92094565558908,1
991.2124135558097,56.41971447270626,55.25009674078891,47.68475454610591,0
1793.7696882869297,55.20548246920832,52.016989231075115,46.785943402919386,0
4494.263208539458,86.21694085643705,14.287596133941172,60.10405814879574,1
2422.4120372880743,78.91934585032045,77.53461504031355,63.17004203002939,1
3371.0329187530333,63.70803332799029,27.140938044671437,50.42156462006598,0
944.3673688879862,53.97096844944933,49.669542281794655,26.273023729097943,0
1042.2161921624868,54.282912479821526,28.42740929275167,32.490027234497326,0
300.2562197057464,94.70954373320592,13.382836299969314,26.83968990936817,0
927.7818090536063,59.59336623593715,62.95576968917366,54.15834222134963,0
1465.0926612565972,66.16857810577604,5.4332034822903825,34.268601759430275,0
967.3513729560594,61.3328201113494,74.86452341262,55.98932483658564,0
534.6424154095725,67.74981529159686,31.758679526111667,43.294523546432295,0
691.115768392944,53.47119213730467,0.013469300448532007,14.92123889026465,0
2357.8159633603564,75.95298954541352,51.11291392372298,65.7912414636728,1
1111.0352201883834,53.380628179610746,4.6851908527603126,28.739234168463046,0
1884.9223191355698,90.01782539111808,27.616955782089946,47.79744932551894,0
2566.744627188799,61.685604095521654,70.69764874557161,67.56535958844557,1
3482.93466028389,77.00059573022553,6.268962162186586,40.78814088076508,0
292.6294852213848,94.0039543780729,83.93384923560023,58.831519395256564,0
4017.110954654309,82.5438684523597,0.3819922658583108,45.855320793124015,0
3176.711908505448,76.64788932756676,24.682386920190226,49.059444710753276,0
500.61925654947237,66.21668765576878,74.09040561520715,46.67115128747839,0
4380.535258123208,66.6500956529099,31.627014972930677,64.96860874372518,1
4612.2747626058845,83.4743477599095,10.189238806601352,55.44989986471863,0
399.28200328883236,99.70696806105838,36.02339188004279,47.91631080776494,0
1456.7004759212982,83.09195949246893,27.039328638452552,41.197891915469405,0
4050.3862709860005,77.88917086850125,84.27119021605549,72.15824923802182,1
3766.472482879926,86.5325255119623,31.334791758514314,62.29175186046128,1
1004.1529948462489,73.26028061418592,78.89324717760073,49.5097387588885,0
1125.8116843498806,53.00711713003926,89.18721448107347,57.51433040111513,0
1915.3133036777717,78.1148407938955,43.381741957652956,45.05973691080724,0
2474.1626274360046,97.881264225269,90.9943143854392,90.23417457364107,1
3129.44838049845,58.76514711788298,37.73180539631929,55.8267230506751,0
1907.6768338918848,84.50024454103328,96.40784164901082,75.5093881653649,1
2366.420109052425,60.04668443295282,8.928952452557294,41.780161183176546,0
3762.607596855407,76.79138422365406,68.70192665032427,68.71073418390995,1
279.74769416392974,54.83382248233598,49.38140404569287,40.02060134304635,0
1336.9410272857017,72.51854681290925,38.76488054556471,45.833676761012846,0
3595.412970834307,87.8081664447623,63.27118787486009,74.37151306657763,1
4486.513504667277,67.37857621194911,70.38570916343312,81.5858291601078,1
2607.219466366764,83.24558622436089,0.43632696503090873,44.16099043068962,0
2707.356077800047,89.77249803948646,16.69530887471987,51.016895833818474,0
625.1428555649027,96.35889097397263,71.30460506343186,52.37023247661634,0
2292.3205974349275,61.73210409277267,66.63854135782064,53.79718729926638,0
2709.8246056296134,69.9657957904654,96.60475051286772,74.9966122679588,1
1288.1054678101752,57.62080066652087,76.1037790250783,55.468728790412726,0
1419.2918316519667,99.62417510791876,95.0772707731338,70.34443914674097,1
1948.692399212651,96.35004839621476,70.25405015348069,80.3835428512875,1
198.3488691108592,76.99785651402797,29.805220863944314,43.20555150938577,0
1678.1879113575735,92.10166471882107,10.536492225085647,44.51806287513834,0
1136.0952342830687,76.04789886360211,78.18238633449356,60.790948709193124,1
1704.7370256717818,81.17928440013799,64.4149221475916,58.88362989490972,0
686.834445914331,54.456221605800835,4.818601239329623,17.097578631938454,0
4463.583675625485,87.7635210248404,36.005046590097834,67.83429595828241,1
3008.6030224148385,56.38567418176174,95.67998154842861,74.28423118123517,1
3427.601363807999,91.30338151262642,50.04011457102012,61.571326979122546,1
3966.9390691759577,89.1014043835193,43.272913601970465,69.3856060002886,1
2542.3667747523805,85.43723488714882,45.7699605159294,58.11612539626438,0
525.9094116283761,51.80801902623811,20.88827240051637,16.966285521313736,0
2731.822054910884,65.15641779726643,36.87071708647952,46.10648337443067,0
2975.5214783023075,63.155628495542146,36.98132559871766,49.27642466166786,0
3752.653423503217,68.00682037357595,5.2355020187472405,54.297869431802525,0
2215.131776525429,54.382137338191924,76.75676285179182,62.74989835173348,1
725.1434836982625,96.84789115155314,41.6504431903879,42.86454585998855,0
1490.50193841375,77.69011203561881,82.21798868164232,67.1376877043925,1
1879.103252353312,65.27621553290118,85.03480011198954,56.75273365193339,0
3264.994482524846,69.84907585371417,21.199405469865805,54.22545745344397,0
2896.813692877668,72.36012702524178,65.73534821701286,62.76990327535564,1
1844.8739568994465,80.02971666803086,47.22818041629817,53.11490800016806,0
4933.9247190856,75.7839713848249,88.0156737921485,94.16590163380721,1
3068.296614848747,95.96959866072086,21.57406791764541,49.157933503059795,0
1262.411279506373,74.84817414529151,67.78132003100443,49.6981930825041,0
598.7341158399784,99.60790074116564,60.775212225272256,54.327932659340675,0
849.009782003227,92.57124788725478,29.53014775718328,49.36110189967629,0
1305.1928690840898,60.42552571786679,13.660090365117261,23.373695335557972,0
887.3387289718228,96.52976073219581,65.16397604772766,45.68418184598363,0
1014.1784178513982,55.818319894273806,73.85974581323308,49.63061072306955,0
1496.9663265998508,90.87248542455958,31.562734376335,51.198398438271894,0
949.5306169442987,69.03116467382901,64.48326040223138,57.70517017057804,0
4494.150580669483,93.89871602225347,39.51309076115032,68.56200703950194,1
493.14535374204684,93.40283450537251,71.32068832826177,56.899005017185715,0
2670.1058088942477,90.29627000588106,19.92152748940531,56.56233735591282,0
2110.9444522493413,89.50152181535307,89.02150026361744,65.42225296126564,1
4913.655222852171,65.23395695490204,28.74095964655797,58.59532557643694,0
648.9906206234565,54.04596415256261,36.77859877561529,35.23851527068176,0
2049.492435324134,70.14900893825808,5.8091952080349785,37.55014234248883,0
4850.405123049308,58.67622574932543,11.15122123212764,48.598435749955335,0
4340.984916880503,84.74755444512309,51.58619027123281,72.19616127737866,1
4103.653147651472,67.30498632688928,26.75926767279715,42.9657283285991,0
1363.7238525202051,98.78051004299574,83.54802257421944,67.49920479226546,1
937.3491782113225,82.04860386726659,1.4693388654953843,32.596487890852444,0
3376.3517776297117,91.12402818171805,37.90940486719362,57.648796827852394,0
4653.94234672517,56.62623363709242,33.73455467690927,58.65789274366699,0
2828.138175768256,93.10072411363113,1.9327630917601035,47.64057176522476,0
2900.9021784025094,96.13785952566971,12.436839900051023,49.25172849752949,0
1471.8975589353925,74.35309594094679,41.36426749186353,48.10332744382083,0
3870.515372640491,80.31264688754888,49.28645844474466,62.079502613497574,1
1016.5143679318645,88.24049004514977,40.42897472548691,47.22199296198516,0
1686.0282583807941,58.741931363020626,53.093767841209385,51.62154448546336,0
2184.638549220442,75.12830382317212,59.51316749056815,59.89171610651357,0
2587.2908555538297,69.93315138861566,0.992382112783563,33.67255327441209,0
1287.807688833893,57.31869960811245,46.409515945350385,44.15279025448026,0
662.7004412220973,68.37672111457657,96.34992408875883,66.0711396652357,1
3092.038207964,53.40861546927468,51.90322801295487,44.852770726325936,0
1514.2897108772534,51.29059534747435,67.75422674589532,56.943156224587604,0
2948.0672849708003,56.758314457741136,31.18638579168832,45.25792160327068,0
856.3773048435913,98.15575557945868,77.39913781527625,67.16471292437532,1
2457.5864990886057,77.47647679475085,77.2921481876115,74.58023998734052,1
2709.6882195027706,98.291108057661,52.129604765413895,59.458488813859105,0
353.93533042989185,71.62489391650661,97.60138232792136,58.535522198655606,0
1749.3609631502109,65.59080665426298,12.555021476265338,33.35463545322412,0
758.6319170009738,75.3070931420122,1.6947664889580993,23.383707240733983,0
410.53735531656196,71.9755844316455,77.0158211757096,62.97493579314456,1
4950.805138710732,55.2832342130872,80.71555373648826,74.28613826108585,1
1679.5338403761425,82.0413157345103,12.020722912057625,36.3135653369835,0
4068.3847846877106,60.80190912547998,26.55828329586061,54.182064589642174,0
1347.739208342443,80.97939774489149,1.755236336662891,26.624385870665073,0
3439.3633388972535,82.51005461990766,29.33086107805647,54.95203892513145,0
3825.116513459464,57.601242656432404,77.31418739186715,72.60014985661806,1
3018.6298289784368,53.06748135553341,51.79605277125789,52.84352571148595,0
2410.723323895776,89.038079303422,34.80955931682881,54.31559887976313,0
2118.0204793216158,72.99002118846602,37.17392949063303,46.475145014969215,0
1809.454506060677,52.90818977527379,0.1353625715468154,18.820298411586887,0
4654.692806814347,99.74331585848836,29.98005275652359,71.40885624428692,1
4170.035098159873,52.88902804981833,64.64587416379305,75.4183056723308,1
4828.631862265912,84.75176144292766,97.41944438163571,93.43612165944515,1
709.0563950791692,99.18394626317068,84.70608269838995,68.49285424911129,1
3681.2506284978567,61.95900521079628,2.3594964645529126,44.92113818075367,0
4697.868238423085,57.11246843435981,89.85606046748393,74.87972593919916,1
988.0420242117348,56.069246971121444,78.3198413298626,62.09827589889931,1
425.83171009720974,65.16375737837978,78.03761235709804,53.77070415947048,0
3731.4911815212895,55.052290550532334,45.79957590035715,65.22842149944988,1
2914.9182545815684,84.60806708470659,39.80052929545028,54.871660261369506,0
4224.961006115533,53.114589906503134,30.29157288331926,62.39617904081594,1
784.8846454688186,75.47110640748949,6.569485895436578,33.338075049384074,0
3996.809828113462,99.83484269264883,22.82353634936991,65.70308713260111,1
1087.9738682339482,90.69851347530094,24.66036349780246,44.292641314909346,0
901.9141200419521,80.76097191155054,48.40770697102016,47.25840955747211,0
904.9024098618654,65.31268103933058,74.7444406596694,60.42221280596608,1
4091.4161291337723,81.19479181458192,47.38098283979466,68.44987163647413,1
3359.4663814113806,76.35207319558258,5.784444944716061,35.33996803951143,0
2663.020581368685,71.30416919451858,95.77898009882038,69.8088732324223,1
1858.2693722051622,56.535518837009974,94.27243190941122,64.50531417760882,1
4398.28264998423,94.33021076202334,78.51895431484084,87.57265609476437,1
2022.9810263709135,72.48923244106612,99.13279015642206,72.89029657306824,1
4101.3372534107275,59.73112559103825,54.448233280026294,70.29146812243764,1
2251.7610519940704,68.38796754386448,96.27683502532061,62.44566221020101,1
1947.027704182047,70.70648762644635,7.560504061675077,36.262420477876965,0
2367.1309497810716,91.37689477834371,36.568074826137135,46.83079580711039,0
1576.7515834042963,86.6807190280701,22.538126800676583,47.85936413103677,0
3763.2859628636306,88.46524468206698,19.583308413427,56.32888460306841,0
2563.329911453148,50.55156322143236,14.08029488926761,37.977248485031716,0
1237.8422062194047,70.80769990898807,62.241364156599666,48.78582168679198,0
4507.915409045386,74.06720758176618,78.1321855747305,86.85759836094786,1
1981.0669847287359,50.95961384115284,57.82983994203607,55.145180090650875,0
2763.409019458544,62.99066043725171,14.696270958820968,44.000013863183,0
4541.71334372628,88.01449115610674,81.11237699334708,85.39587523879007,1
3158.7661799785615,56.855485286449955,63.59547071637285,64.12126017637955,1
672.800399470984,76.76550657262959,38.81657061269955,38.528758598182876,0
4705.177405706028,60.76009360086188,67.4130295536063,77.6659819052089,1
3175.7694600499476,50.60603873219466,25.990497924283286,52.65665685313385,0
1741.037511819722,62.06007287997707,34.51922084942105,47.82593144337005,0
782.4331560505975,98.7936877455027,91.74858431319902,66.86768987979498,1
3990.72342742445,90.07685559414948,29.05045056714204,64.27107916957605,1
3138.356504049716,97.97883221605167,46.99882681579366,60.329655350195125,1
2713.9593506839756,74.39270219631813,89.01411373960147,76.78924046990404,1
4480.073656949692,55.48680993387518,70.77213502675275,74.02469154670507,1
3964.1263350002005,77.39797444868465,6.220322616470275,40.0163560202686,0
843.2069106904808,72.71886672799805,14.730304427897034,26.449108961978947,0
1627.4381321981864,92.2178541369808,0.7841590771916818,35.91498742211853,0
1317.5967850908821,54.90412903921223,63.09217902291634,47.65848577966005,0
3745.336833606117,74.4120568510889,44.767342541041835,56.501558171829686,0
264.308930205319,57.50243323469921,13.427485090227552,25.57259069533508,0
2892.459455869451,66.23379634450299,95.79341210567705,76.54156233646377,1
3836.047560129384,86.86785386938999,52.96597239456199,69.14916003096991,1
4396.151620132572,73.80090646843833,24.189329411288917,54.340015307107734,0
1776.2005687079466,68.79441425728847,50.06035711547076,56.16845521693488,0
4124.160792892862,69.72381392850177,67.96203327351078,81.01671219355671,1
642.0955110805154,72.97233842029934,7.623921797356448,25.842414934455913,0
4247.616229499139,89.25082719185284,27.4703815047892,60.096134925732976,1
724.6944454267139,94.60423444701172,80.69654908839937,66.94058816648271,1
2046.7077237457995,97.76673432519641,45.966487040266124,57.84508693174146,0
4006.747292319813,89.34516931276475,54.65771420322949,71.88851144519165,1
834.5953940089915,65.77034478740063,43.28160022094693,45.23953210368553,0
1223.3318366399433,84.4067353043271,4.389994264300512,24.40877971646112,0
3639.0375851260246,71.8801562027696,16.574977982015593,56.45312672969245,0
3628.1790290757644,62.73353110230256,44.554163874189086,58.60622359839534,0
3241.623401137957,92.04357897129613,20.918546540792782,53.157455571453966,0
3500.34737788879,51.92131744811625,4.997902865967873,37.947838943727774,0
2759.3497724032213,95.08809960677118,84.36496640518237,78.36629651963479,1
1333.8153886440684,73.0738732312367,98.11925291641158,60.0678283859196,1
1793.9103681692052,81.86007384041402,79.31428739967394,74.12930805437755,1
989.8288123269858,82.96769611028913,85.3784921704667,64.69626536666928,1
4551.407750534779,94.75588703532682,24.197713031704538,67.57437881552558,1
2958.61979435399,81.83348410836037,96.06269755131997,85.23462694888991,1
2064.1719421418356,80.69667923800309,19.692570445342838,39.005762164645766,0
2363.8284378562503,53.3326020280345,95.14298103618323,70.28450662738376,1
4741.688364097895,75.9204010972602,99.4819293965951,89.6491868216766,1
851.421875268793,57.50845004085208,71.17228057460487,54.55584321166245,0
2972.5261768823066,86.87168843607428,98.1143731791822,72.25801366124159,1
2578.8545265338835,75.61109604063373,56.95397795671037,60.1461088602019,1
3096.1257536297744,84.01138896041766,25.954178317609035,50.914611799288544,0
188.73990072211848,52.083645030119214,43.699588566562085,35.80954920345659,0
4373.407153826342,54.23960080229016,59.35609353787859,68.52825586100404,1
4667.379584169701,85.81616940313411,7.308156202701499,53.09353230241908,0
2869.152599587124,53.60421679993367,62.234326461724606,54.368121811466,0
3513.589036996772,53.56283638826293,98.11778367622945,75.66216226049079,1
4620.246967768749,50.605423761744376,19.010764978372762,45.97770341861525,0
3565.469308135653,97.82506991497401,79.25951162883833,86.47840313269012,1
847.4413102798806,86.87541797295034,90.78987937796194,65.10871242826049,1
2923.8129648173845,67.66257042510321,94.37015928202209,60.800544548735985,1
3072.903727275994,64.82677906438276,96.01356044054472,74.18079900390937,1
2178.2402893816916,67.48516148729247,52.14596387214719,48.635135029898336,0
3708.576754561142,88.73267655905909,97.73079079915037,79.64906727881481,1
4678.398372368173,83.06853055352072,75.73102071344388,77.05684470339135,1
4635.285713243204,59.259778393373395,16.16714362369619,52.55888871385863,0
2309.1129198802473,58.70546676670422,47.690010646797,56.85602957209518,0
654.8664246197008,54.91978248566986,71.8331175372004,50.17224550512868,0
4925.721874915439,83.0151359850669,24.734031581908333,61.31087245607475,1
4210.600623585077,88.2186331110868,64.06151835488873,79.53666084451308,1
710.8471378960076,63.2523214162502,66.66004790466192,47.084144471742874,0
4612.125224825124,51.047248051545644,16.26997438085659,45.97441880051178,0
4362.492174104428,54.10858337382137,56.50853124527563,59.16106503095559,0
2642.306479917753,98.39300174225153,77.16269109786077,67.18897464184334,1
2997.249635150153,64.77223887387102,49.88956645359419,55.176142783149636,0
2055.1132489636384,88.46115739190668,1.2103116776107425,39.78282045432087,0
368.3320302279535,81.23317844271318,0.9038469079292177,25.891223110572135,0
1742.4664840649145,69.09698198264479,35.702934397001215,42.98635096323416,0
4033.981898130256,60.28436310977776,92.6194068431782,74.48994482466105,1
122.696912722554,56.06932090797032,22.867677960360876,29.148059105098373,0
1734.1459412866066,80.75064840194332,63.43636888716871,53.01905762645188,0
2051.026598595622,88.7316890318894,22.207587069332057,51.327741914245316,0
2733.238454395822,82.19521267705653,32.16699896595486,48.636146383002966,0
4607.292520422527,76.51510666245792,84.8042089601484,80.70970788841439,1
1797.09537239321,52.097561171581816,72.88614422699469,47.84017992017287,0
1800.0706892915157,98.42443887971919,9.539927731321063,41.244888078902825,0
3713.7561157377672,89.93570958272872,42.87020209864336,71.1303934499583,1
2315.8679103600552,64.64110183504823,2.916976364526447,36.70379976523905,0
1200.5636324059117,98.99851646794252,48.0890146603009,60.56541605284275,1
2316.953629050198,80.09407948181611,66.24340117010681,66.70948252623805,1
790.1993998610193,79.12113291036232,11.850262359815156,27.183806285776907,0
964.2962338804942,87.4036589714766,28.888493890916568,41.41415872135852,0
2542.0020864234507,90.58848940450687,39.783662550215695,54.140049378035414,0
2152.7347025722847,82.82393036657513,91.95310246560497,80.84905810154616,1
4582.74491523369,56.40478731831,99.32550154229641,78.11307061232301,1
1875.7301056715023,66.91337529972492,4.491129899561585,37.21076997018666,0
2944.8829163624127,96.40418201630249,76.1007923495392,81.24399140359158,1
3198.0950108056986,61.230780592192595,37.17240664023432,61.354226479917855,1
164.1628372828348,68.60835119187567,39.245818622948,34.62523354124443,0
3351.333122881882,71.6038441472098,75.42649733470228,75.11948413644598,1
972.3762376617819,71.97024948472261,91.84264321454087,75.07747032001988,1
4809.24455560033,80.64697912472627,95.09285945025483,87.97513865693499,1
828.4473659902535,97.15379188723537,57.712258603832076,49.01572160263503,0
2131.6582062624166,62.034635591625246,35.71211593005028,35.93391059177958,0
518.2133735853549,56.0750688150459,78.75490858587793,54.44853426553092,0
4984.683834045142,59.873524492996864,25.100138326230027,48.49258919347657,0
2560.7555506230888,94.34624501046348,56.40740288335178,64.07108970172742,1
3017.3865848682144,82.2905406327603,35.85784615248732,59.07841710561914,0
428.6747392032947,64.29533946195801,65.66310737078761,48.492016792704845,0
3774.806304955971,90.79734694843086,24.03989128935069,61.48119903316573,1
1128.5374061683701,93.0684998181718,19.159294573482576,42.99288484671641,0
4500.466018259497,92.3257169345139,91.8239086675437,97.76323629716003,1
1105.184238361835,95.94632668197772,10.18036829495369,34.24865263334102,0
1034.3698312519662,62.612051008668075,50.595790773493164,41.357587539615025,0
279.0933724556649,87.75209643731392,22.085278296300892,32.392933058803266,0
2413.128031038996,73.026974863707,3.892996332566745,41.778258404751824,0
2867.7215529868204,92.09992764450308,3.601881829142639,50.51795796486179,0
421.9723331989266,86.42453385808065,17.522177210582733,37.16361682110039,0
3900.0853218055518,88.82237232498623,86.67703545060003,90.50082271303583,1
2321.1152902653353,82.80809188405357,28.247874397702667,43.850038029856066,0
2669.512319705142,58.87143847348534,95.04591705752958,79.74762700264051,1
2259.7374599973177,77.25134594484692,58.16222929891936,67.27937101972995,1
2063.7389982890973,99.23348697622541,43.66141897687661,62.93561549610678,1
2842.2376234102676,96.86940332485594,58.00888346694546,77.9625788673368,1
860.6772050604912,52.158686789850584,51.669838522626776,32.68963278553839,0
991.4478394268285,58.24074078647186,75.87762537573252,50.65887561977944,0
4322.749542966235,56.58643867272809,28.249606597285226,50.45282556772828,0
4735.965764454801,86.29899549926478,35.30503916003024,72.00257479658724,1
1929.2156497707895,90.88926649284726,89.40943025332507,68.97912783956606,1
1426.6488984034136,60.675568315533596,94.64565131504055,67.97074696167034,1
3255.597761871177,75.29263464759146,89.25582274864745,84.46278651089045,1
2102.7974383806722,92.03515140056,41.94479939573136,60.12650481182343,1
224.39314273568982,86.64007723831253,78.03655030068816,59.38698907988688,0
865.1477270943327,77.11186027459242,47.63357333010988,41.93219863090364,0
3608.263921352248,79.51738452293864,49.75398521461022,61.001721477520775,1
3328.7273153597416,75.418027345814,20.468010905728395,56.82842534982343,0
232.77036326706911,64.87742256594103,59.113030325851646,47.81806369475414,0
1187.6635934714523,78.2510996429508,18.613589775334795,37.384833064119924,0
1232.2665032815498,84.44426510250453,33.15646990671938,43.4385636622518,0
3392.2744436337694,93.66614579304039,85.50302016199352,72.3287947451145,1
196.58163499638437,81.8145676989624,20.707580921085523,28.064456717331666,0
610.1320517244119,88.0560768521579,7.115828517343282,41.94350735782051,0
4019.588818328628,58.003581747728646,6.90075926128163,37.756582935014585,0
974.8688440662347,73.07787372098949,94.07845205031079,65.85848190415658,1
3298.455928474186,50.46658099135467,50.69204379618346,60.036394917412025,1
1267.09562712896,62.33394322608115,40.941207181701834,35.94753593189541,0
587.2628245207914,86.32308575565024,81.08785810079185,62.23886312369758,1
1291.543735897325,99.59049756746816,83.5825927910516,75.29492980419799,1
3639.10796609273,54.958904979360796,33.21910331156046,51.50581738363845,0
4292.9126937208,70.07471579306441,69.36180574737952,88.78004635839355,1
4168.077336378259,90.00354843495798,77.11228158518865,74.40957680718164,1
2046.1992951304287,60.20178173144494,65.46506868659546,61.455710532044705,1
3373.6171691961663,77.7542474651143,15.159507480009937,48.568622641675326,0
1104.4230475375227,86.65356480148374,87.5883083517057,71.04052241778541,1
1536.423878278965,80.79927251300896,53.90945527360087,56.80453152966966,0
4492.045510753487,59.401236730770805,28.24724263700037,52.343561644115,0
163.70942520260658,67.76922843428697,42.52281854376939,38.87493561541263,0
518.9918011868936,89.18958922426987,3.757109039890738,21.535469051879858,0
1118.6426502155339,77.71132570660083,12.786680122241755,37.68089491811474,0
230.0077989817166,50.261480677145634,76.55467505158609,47.98707266994534,0
989.0336319400068,88.0495380014047,0.0011634755366141114,35.051690686545484,0
2956.903648751492,51.76556774701196,41.65658284822922,54.974141917921784,0
2164.98029790324,87.2866891365616,52.251018108558846,61.567249703215516,1
4474.091384277177,60.124028008261874,5.4634420000972295,47.74318363381808,0
4105.47345251836,97.90367400596901,97.30781629723329,88.41219388953078,1
1774.9050233195921,68.39703756510423,22.612533124967193,36.25754125220917,0
1371.1748238133332,66.34658081690395,30.419871963628086,45.78829913434785,0
1960.4928000196078,57.44440251662223,30.39425122550273,47.96347051873566,0
2992.445218322558,65.28021077451075,23.04166621173499,45.31902581093118,0
1413.5118400320937,93.83253809141003,0.1473822086311416,36.48063727182812,0
3158.3296484607567,99.81671688136237,72.93447940879963,73.32020218843375,1
2106.1170957370778,68.41547652534241,96.68454997992853,77.34459674164859,1
2805.031186174703,72.43053154772713,22.429348328504506,50.589398339738246,0
2237.019992763052,86.10354691013686,66.30471918034225,75.14283480155619,1
1542.8822217553966,94.30978902325373,74.18963269587151,62.411147185683554,1
4747.421204114567,79.6522167093392,84.84253790905247,84.39623989019637,1
3841.668391382828,69.57628490889147,42.262919701360914,61.84345679063249,1
786.5545612556175,70.63109204243119,30.293090564042924,40.742406799968954,0
4355.493081899773,84.78090732484034,32.52951340230311,63.42177864757257,1
2488.4128714226167,50.16091318021393,71.26213330985128,53.8112577732216,0
4483.305911781048,80.97946687299203,81.6779466505636,88.20862317356365,1
4019.2907541418444,67.77465052206787,18.161396775660265,55.19828835803183,0
2183.5461718992437,89.7098665638542,37.09410081577652,49.925634926725245,0
210.09961076857525,54.64953199115661,90.19401967491501,59.923760722443994,0
1416.519060986236,79.41011334741953,80.66935196947392,70.00208911954682,1
2754.007651838248,74.04864449430619,98.48584027624759,78.52943838485587,1
3204.0432771481214,82.11627629526137,75.42482596820807,74.20714918252624,1
1363.6496586226913,53.24267972414842,39.319520102792225,42.20753137693702,0
782.8447629568383,78.99918937140657,59.06378339946377,47.19743704211091,0
4191.158160316565,78.07422939797618,66.10142542473203,75.06090348908505,1
4923.570685447406,78.03300472080855,7.845581631712395,45.31828176698818,0
2675.8818932831605,80.17438332982275,54.44969591038651,65.98517705969668,1
941.2285006566872,83.82339686131812,70.93208284726096,50.862764660539625,0
1434.3058999449079,90.24944998403848,16.732130400106037,49.454006092980016,0
190.11431508258698,63.49103600641072,78.06317174255571,49.17369932553725,0
4580.064152146445,91.2524705090031,58.37727805141116,77.09728166042449,1
676.9803061616916,74.91278411317268,95.22217856975946,60.9565696181373,1
2924.9307300198425,53.852913956716556,4.24222982068917,33.70806601110786,0
1442.8705813673093,52.92754646219896,26.5326137555467,41.80562278723473,0
2815.4722123273878,66.71191593480305,60.15538792998241,48.262026745232276,0
3291.959902924135,89.24484885557338,29.65599122059307,64.56328972590612,1
4165.734838165288,85.3840467370458,71.44241640712423,80.77455210068803,1
1111.4642316269558,89.43074823362032,75.9005282521931,57.34696568449536,0
153.87956042655435,75.86345282208046,10.251596406647446,21.812987303791342,0
770.7395873371556,72.00994989777453,51.38544642067677,54.645697575708304,0
4510.091345055715,57.372626335314195,50.889055559105586,59.840434979966,0
4382.061380056325,66.40963768046558,36.92807702155411,55.14407188665698,0
3027.324200634511,71.70096830869376,93.29248625696721,82.43625077232791,1
3042.5326161249013,54.43002148398086,82.75063198732212,69.13752943456227,1
3358.679705276652,61.03059763556056,69.72093819096368,61.45902692075931,1
959.319265254903,79.91126470318694,71.43266357349975,58.89070807608257,0
4580.618535032303,86.7831557119595,46.17161438131191,66.80718742566002,1
2151.9755719711584,99.91737556964748,92.09945210965759,84.88221625363249,1
1977.3787884225376,96.65566656717789,69.45954272532853,73.58152773213538,1
2642.6967558859037,82.12825997675958,72.89810616558164,72.02528261185537,1
330.13323719776974,71.0624026647036,86.16909037873452,59.00364126039163,0
914.7885069047891,81.80886823541164,27.4071589342191,49.29996573133039,0
3716.364720489215,89.2825809040116,80.7070903866703,81.20705055560384,1
505.7134728331197,55.91680954616937,19.524060295649203,21.159256392760277,0
3055.445336385302,70.4952444848144,34.53419522448878,55.30418428339301,0
1302.2106374384728,91.99011428178086,33.56104542698427,58.81216099345316,0
2007.548508805685,69.1916475966522,97.85254683891405,66.50358396989132,1
1514.5993101764293,78.59361356135932,85.65372237479268,64.69307128797594,1
1842.7963106782508,79.38846804310991,70.11698615902597,64.6157465609991,1
3623.324935402803,59.22381265668197,72.70567616153902,68.15126717211886,1
1555.8964065535577,68.11177208261442,56.20727944025711,46.918576967695856,0
2875.3827374547964,66.72556443709661,94.70906671085191,80.50272450552902,1
2432.646970775588,51.30983542660324,49.62587528823615,61.12501641933472,1
3351.988710276976,51.209588194567765,38.05177098698945,51.47437710916508,0
4690.465722691314,91.58485218378868,16.3035336931591,57.58141986346299,0
3689.6032763302264,63.65354049864062,78.6205652261058,64.77664853107464,1
1153.207855094708,75.90393831194078,73.44439320755914,59.887030040434496,0
252.7973618002949,64.93627867943866,38.43550385241349,41.30996591321682,0
1385.093817069143,97.03396225576702,2.519341395922936,40.36168529657094,0
3015.8818604312487,62.964837943288686,83.89973277180107,70.28966320812042,1
351.9864860728267,71.48284063694675,1.1417983454073632,20.497987674827947,0
2532.1946112860583,93.63651252423008,70.3699779629051,65.66911419487771,1
3024.529959692757,92.09667833959043,97.02571097260571,88.5183299900505,1
1737.795065003108,59.305070892313864,43.766132814820345,49.894149225059046,0
3877.4697983545275,90.13216548978552,23.497340499595275,51.83730302569475,0
622.3314403554818,72.90934433689463,70.48710100433817,61.214786187720236,1
468.17513050546296,74.14844360426775,81.71281420155852,60.054148318448,1
3668.124905397656,56.67399862079719,54.64303160778473,67.70304814119012,1
2527.9074494103725,54.03007568785623,96.70352752561462,63.04453446036311,1
3473.1717424959065,86.39696534868827,5.166872165796111,41.808789586679815,0
2230.6539591583564,74.82305761776499,50.479559830452814,54.938714826786516,0
1307.3699628716233,71.84253513075898,71.845394732255,60.196901563778866,1
4113.601356603578,86.47541143261984,86.2640471149179,94.00311592061391,1
4017.1378069479983,88.27564494955548,17.925561190779003,61.16578889932328,1
3504.012707186691,57.94540838346768,80.00034817636814,69.0112495271602,1
1433.5111724268172,80.51125747388207,55.27070757185453,49.29416834947585,0
2992.130267658527,56.76770411388428,39.65536819899632,56.74938138343217,0
1868.7720950061314,87.56875430145229,13.171502857909356,37.54491721304666,0
548.7521593005074,82.84775781335698,86.52957589089124,70.35596267402423,1
4594.83651976499,97.8307310541729,15.727320817971535,61.73763165927522,1
770.4112915029109,53.44790081782106,30.978785920909925,40.48335390436838,0
4756.163033721932,52.852736057562716,29.004553196243688,59.359419160686755,0
2285.428287493983,64.10935373466,87.14140341908544,66.78456322955856,1
